Date,pepsi,coke
2020-01-02,46.06641387939453,114.22039031982422
2020-01-03,45.815086364746094,114.06060791015625
2020-01-06,45.798343658447266,114.4979019165039
2020-01-07,45.44649124145508,112.69822692871094
2020-01-08,45.5302619934082,113.27848815917969
2020-01-09,46.35960388183594,113.35417938232422
2020-01-10,46.51877975463867,113.13550567626953
2020-01-13,47.02141571044922,114.81746673583984
2020-01-14,46.912506103515625,115.08660125732422
2020-01-15,47.4989128112793,117.06287384033203
2020-01-16,47.599449157714844,117.40764617919922
2020-01-17,47.69996643066406,118.79522705078125
2020-01-21,47.892642974853516,119.29981231689453
2020-01-22,48.261253356933594,120.57810974121094
2020-01-23,48.4455451965332,120.80517578125
2020-01-24,48.319889068603516,120.19123840332031
2020-01-27,48.152347564697266,119.53532409667969
2020-01-28,47.758602142333984,119.78759765625
2020-01-29,47.758602142333984,119.19050598144531
2020-01-30,49.30839920043945,120.95655059814453
2020-01-31,48.92304611206055,119.4344253540039
2020-02-03,49.0738410949707,119.84645080566406
2020-02-04,49.291648864746094,120.44355773925781
2020-02-05,49.300018310546875,121.35179138183594
2020-02-06,49.41730880737305,121.37701416015625
2020-02-07,49.5848503112793,122.25161743164062
2020-02-10,50.05397415161133,122.4955062866211
2020-02-11,49.91994094848633,122.84870147705078
2020-02-12,49.769142150878906,122.84870147705078
2020-02-13,49.93669509887695,123.17671203613281
2020-02-14,50.221519470214844,123.614013671875
2020-02-18,49.869667053222656,122.44507598876953
2020-02-19,50.07072448730469,122.38616943359375
2020-02-20,50.02885055541992,122.07503509521484
2020-02-21,50.372310638427734,122.65531158447266
2020-02-24,49.132484436035156,119.9558334350586
2020-02-25,48.43716049194336,118.66072082519531
2020-02-26,48.252864837646484,119.4007568359375
2020-02-27,46.016151428222656,114.68291473388672
2020-02-28,44.8098258972168,111.03311157226562
2020-03-02,46.84548568725586,115.70048522949219
2020-03-03,46.962772369384766,114.01856231689453
2020-03-04,49.35865783691406,119.74555969238281
2020-03-05,47.532413482666016,116.9219741821289
2020-03-06,46.292598724365234,116.2108154296875
2020-03-09,43.444332122802734,110.19961547851562
2020-03-10,44.95223617553711,113.56927490234375
2020-03-11,43.7375373840332,109.85248565673828
2020-03-12,39.50703811645508,97.65229797363281
2020-03-13,40.9605598449707,107.90520477294922
2020-03-16,38.24788284301758,95.74732971191406
2020-03-17,39.87042236328125,108.1337890625
2020-03-18,37.901397705078125,102.3765869140625
2020-03-19,35.34929275512695,99.34559631347656
2020-03-20,32.36619186401367,87.99205780029297
2020-03-23,31.7408390045166,89.05035400390625
2020-03-24,33.338016510009766,96.38233184814453
2020-03-25,35.163387298583984,95.24781799316406
2020-03-26,37.42815399169922,101.81780242919922
2020-03-27,36.17745590209961,101.98713684082031
2020-03-30,38.02815246582031,106.23731994628906
2020-03-31,37.39435577392578,101.68231964111328
2020-04-01,35.5943603515625,100.0059814453125
2020-04-02,37.140838623046875,104.86572265625
2020-04-03,37.03943634033203,105.48377990722656
2020-04-06,39.43941879272461,111.04624938964844
2020-04-07,39.30421447753906,110.47050476074219
2020-04-08,40.4112548828125,112.27388000488281
2020-04-09,41.408451080322266,113.1374740600586
2020-04-13,39.659156799316406,110.81764221191406
2020-04-14,41.34084701538086,117.1760025024414
2020-04-15,40.23379135131836,114.32278442382812
2020-04-16,39.80281066894531,114.83924102783203
2020-04-17,40.614078521728516,116.45630645751953
2020-04-20,39.32112121582031,113.9163818359375
2020-04-21,38.34929275512695,110.85999298095703
2020-04-22,38.60280990600586,112.28235626220703
2020-04-23,38.087318420410156,110.28424835205078
2020-04-24,38.39154052734375,113.75552368164062
2020-04-27,39.532386779785156,113.8402099609375
2020-04-28,39.49858474731445,115.41495513916016
2020-04-29,39.81970977783203,112.90888214111328
2020-04-30,38.780277252197266,112.0029525756836
2020-05-01,38.53519821166992,110.18265533447266
2020-05-04,38.14647674560547,110.84305572509766
2020-05-05,38.366188049316406,111.47803497314453
2020-05-06,37.81690216064453,110.72454833984375
2020-05-07,37.690128326416016,111.37644958496094
2020-05-08,38.9661865234375,113.64546966552734
2020-05-11,38.484500885009766,113.77246856689453
2020-05-12,37.87604522705078,112.55328369140625
2020-05-13,37.13238525390625,112.57022857666016
2020-05-14,36.9295768737793,112.67180633544922
2020-05-15,36.557743072509766,115.10166931152344
2020-05-18,38.002803802490234,114.73763275146484
2020-05-19,37.639427185058594,111.52884674072266
2020-05-20,38.780277252197266,111.13091278076172
2020-05-21,38.17182540893555,110.241943359375
2020-05-22,38.053504943847656,110.47050476074219
2020-05-26,38.949283599853516,109.85248565673828
2020-05-27,39.49013900756836,110.74993896484375
2020-05-28,39.79436492919922,112.0029525756836
2020-05-29,39.4478874206543,111.37644958496094
2020-06-01,39.7098503112793,112.59563446044922
2020-06-02,39.633792877197266,112.29082489013672
2020-06-03,40.4788703918457,112.45171356201172
2020-06-04,40.495765686035156,111.40479278564453
2020-06-05,41.484500885009766,113.00032043457031
2020-06-08,42.12675476074219,112.80406951904297
2020-06-09,41.408451080322266,113.45254516601562
2020-06-10,41.087310791015625,114.4422607421875
2020-06-11,38.484500885009766,109.07549285888672
2020-06-12,38.88528823852539,110.06523132324219
2020-06-15,39.48221206665039,111.32799530029297
2020-06-16,39.88301467895508,112.34332275390625
2020-06-17,39.720985412597656,112.42012786865234
2020-06-18,40.07061004638672,113.29039764404297
2020-06-19,39.24345016479492,112.01057434082031
2020-06-22,39.00468444824219,111.81433868408203
2020-06-23,38.91940689086914,112.07881927490234
2020-06-24,38.0751838684082,110.54303741455078
2020-06-25,38.3139533996582,112.12152099609375
2020-06-26,37.15422058105469,110.00550842285156
2020-06-29,37.827884674072266,111.83992767333984
2020-06-30,38.10075759887695,112.84672546386719
2020-07-01,38.22014617919922,112.93207550048828
2020-07-02,38.27131652832031,113.35014343261719
2020-07-06,38.56977844238281,113.73410034179688
2020-07-07,38.55272674560547,113.96444702148438
2020-07-08,38.4333381652832,114.51904296875
2020-07-09,37.444156646728516,113.2306900024414
2020-07-10,38.501548767089844,114.72383880615234
2020-07-13,38.586830139160156,115.1077880859375
2020-07-14,39.11553192138672,115.62822723388672
2020-07-15,39.5674934387207,114.06683349609375
2020-07-16,39.35430908203125,114.22894287109375
2020-07-17,39.925636291503906,114.89447021484375
2020-07-20,39.32872009277344,113.57199096679688
2020-07-21,40.249691009521484,114.69820404052734
2020-07-22,41.34120559692383,116.04630279541016
2020-07-23,41.17066192626953,116.95925903320312
2020-07-24,41.34973907470703,116.08897399902344
2020-07-27,41.34120559692383,117.46265411376953
2020-07-28,41.08538055419922,117.21524047851562
2020-07-29,40.94894027709961,117.68447875976562
2020-07-30,40.667537689208984,117.47969818115234
2020-07-31,40.283790588378906,117.4541244506836
2020-08-03,39.48221206665039,116.63500213623047
2020-08-04,39.814788818359375,117.29202270507812
2020-08-05,40.26675033569336,116.25106048583984
2020-08-06,40.488460540771484,115.91830444335938
2020-08-07,40.7613410949707,116.6691665649414
2020-08-10,40.693119049072266,116.02068328857422
2020-08-11,40.8721923828125,115.28693389892578
2020-08-12,41.29856872558594,117.57357025146484
2020-08-13,41.25593566894531,117.82952880859375
2020-08-14,41.31562805175781,117.36875915527344
2020-08-17,41.110965728759766,117.67595672607422
2020-08-18,41.29004669189453,117.83804321289062
2020-08-19,40.394649505615234,116.42171478271484
2020-08-20,40.377601623535156,116.6520767211914
2020-08-21,40.31790542602539,116.43028259277344
2020-08-24,40.90629959106445,117.4370346069336
2020-08-25,40.85513687133789,117.14694213867188
2020-08-26,41.06832504272461,118.14524841308594
2020-08-27,41.12801742553711,118.08551025390625
2020-08-28,42.492408752441406,119.39945220947266
2020-08-31,42.236595153808594,119.50184631347656
2020-09-01,41.886959075927734,118.759521484375
2020-09-02,43.65214920043945,122.25772094726562
2020-09-03,43.04670715332031,119.76818084716797
2020-09-04,43.52423858642578,119.24397277832031
2020-09-08,42.47536087036133,116.48545837402344
2020-09-09,42.79940414428711,117.82604217529297
2020-09-10,42.637386322021484,115.80655670166016
2020-09-11,43.54129409790039,116.70890045166016
2020-09-14,43.5928840637207,117.44792938232422
2020-09-15,43.8851432800293,116.5456314086914
2020-09-16,43.66164779663086,115.99562072753906
2020-09-17,43.455318450927734,114.46598052978516
2020-09-18,43.36936950683594,112.97929382324219
2020-09-21,42.20024108886719,112.7816390991211
2020-09-22,42.69024658203125,113.56365966796875
2020-09-23,41.443748474121094,112.57542419433594
2020-09-24,41.8649787902832,113.07382202148438
2020-09-25,41.88217544555664,114.76673889160156
2020-09-28,42.36356735229492,118.56511688232422
2020-09-29,42.05410385131836,117.86902618408203
2020-09-30,42.440940856933594,119.10648345947266
2020-10-01,42.277610778808594,120.9970703125
2020-10-02,42.432342529296875,118.6424331665039
2020-10-05,42.44954299926758,118.53070831298828
2020-10-06,42.071292877197266,116.61437225341797
2020-10-07,42.604270935058594,117.74012756347656
2020-10-08,43.377960205078125,118.46198272705078
2020-10-09,43.678836822509766,118.968994140625
2020-10-12,43.91953659057617,122.14002990722656
2020-10-13,43.171653747558594,123.35169219970703
2020-10-14,43.0856819152832,122.47513580322266
2020-10-15,42.97393035888672,121.5384521484375
2020-10-16,43.0083122253418,121.7962417602539
2020-10-19,42.655853271484375,120.03459930419922
2020-10-20,43.19742965698242,120.06037902832031
2020-10-21,42.97393035888672,119.96585083007812
2020-10-22,43.56708526611328,119.97443389892578
2020-10-23,43.42953872680664,119.93147277832031
2020-10-26,42.81058883666992,118.6424331665039
2020-10-27,42.89655303955078,119.55333709716797
2020-10-28,41.22883987426758,115.29954528808594
2020-10-29,41.28041076660156,115.1448745727539
2020-10-30,41.31480026245117,114.5433120727539
2020-11-02,41.796199798583984,116.14171600341797
2020-11-03,42.42374038696289,117.765869140625
2020-11-04,42.269004821777344,118.47056579589844
2020-11-05,42.501121520996094,118.63386535644531
2020-11-06,42.509708404541016,118.9174575805664
2020-11-09,45.191829681396484,118.97757720947266
2020-11-10,46.403926849365234,121.78765869140625
2020-11-11,46.0600700378418,123.66108703613281
2020-11-12,45.570068359375,123.60950469970703
2020-11-13,45.94831466674805,124.35716247558594
2020-11-16,46.29217529296875,125.25946807861328
2020-11-17,46.14603805541992,124.81260681152344
2020-11-18,45.2262077331543,123.21422576904297
2020-11-19,45.67322540283203,123.16261291503906
2020-11-20,45.27779006958008,123.24855041503906
2020-11-23,45.2863883972168,122.90483093261719
2020-11-24,45.75060272216797,123.77277374267578
2020-11-25,45.50130081176758,123.88447570800781
2020-11-27,45.30358123779297,124.26260375976562
2020-11-30,44.70576477050781,123.94464874267578
2020-12-01,45.08698272705078,125.52587127685547
2020-12-02,45.14762878417969,124.27980041503906
2020-12-03,45.72810363769531,125.01805114746094
2020-12-04,46.65514373779297,126.22970581054688
2020-12-07,45.91006088256836,125.81427764892578
2020-12-08,46.074668884277344,125.94412231445312
2020-12-09,46.20462417602539,126.09127044677734
2020-12-10,45.9620361328125,125.20845031738281
2020-12-11,46.22195816040039,125.46807861328125
2020-12-14,46.15264129638672,124.82766723632812
2020-12-15,46.64649200439453,125.29499816894531
2020-12-16,45.970703125,125.39888000488281
2020-12-17,46.15264129638672,126.10855865478516
2020-12-18,46.55984878540039,127.16438293457031
2020-12-21,45.75410079956055,125.84026336669922
2020-12-22,45.710784912109375,124.6458740234375
2020-12-23,45.9880256652832,124.98341369628906
2020-12-24,46.299930572509766,125.54596710205078
2020-12-28,46.923736572265625,127.14713287353516
2020-12-29,46.897735595703125,127.58851623535156
2020-12-30,47.16632080078125,127.49332427978516
2020-12-31,47.51287841796875,128.3501434326172
2021-01-04,45.710784912109375,124.86222839355469
2021-01-05,45.20827102661133,125.23442077636719
2021-01-06,43.77006530761719,123.70248413085938
2021-01-07,43.284889221191406,123.3044204711914
2021-01-08,44.255245208740234,124.78437805175781
2021-01-11,43.492828369140625,122.97551727294922
2021-01-12,43.41484451293945,122.40428924560547
2021-01-13,43.458168029785156,123.40828704833984
2021-01-14,42.65242004394531,122.68992614746094
2021-01-15,42.193241119384766,122.36971282958984
2021-01-19,42.02861785888672,122.94954681396484
2021-01-20,42.1759033203125,122.31776428222656
2021-01-21,42.40983200073242,120.82916259765625
2021-01-22,42.01129913330078,119.94635009765625
2021-01-25,42.26253890991211,121.32247924804688
2021-01-26,42.70439910888672,122.72454833984375
2021-01-27,42.04595184326172,119.47029876708984
2021-01-28,42.58312225341797,120.46564483642578
2021-01-29,41.71672821044922,118.19808959960938
2021-02-01,42.00263595581055,118.55294799804688
2021-02-02,42.41849899291992,119.76463317871094
2021-02-03,42.253883361816406,119.45305633544922
2021-02-04,42.46181106567383,120.88970184326172
2021-02-05,43.01630401611328,121.9975357055664
2021-02-08,43.2502326965332,121.51286315917969
2021-02-09,43.05963134765625,120.82049560546875
2021-02-10,42.972984313964844,119.17607879638672
2021-02-11,43.5794563293457,116.8133544921875
2021-02-12,43.9173583984375,115.8613052368164
2021-02-16,43.553462982177734,116.30271911621094
2021-02-17,43.43217468261719,116.37193298339844
2021-02-18,43.98666000366211,117.15951538085938
2021-02-19,43.41484451293945,114.68423461914062
2021-02-22,43.86537551879883,114.2342300415039
2021-02-23,43.78739547729492,114.91793060302734
2021-02-24,43.93468475341797,114.32077026367188
2021-02-25,43.46683120727539,112.51192474365234
2021-02-26,42.444488525390625,111.81088256835938
2021-03-01,43.2328987121582,113.04851531982422
2021-03-02,43.40617752075195,113.43798065185547
2021-03-03,43.302215576171875,111.76761627197266
2021-03-04,43.267555236816406,112.38961791992188
2021-03-05,44.003990173339844,116.05363464355469
2021-03-08,44.740421295166016,115.26851654052734
2021-03-09,44.06463623046875,115.3731918334961
2021-03-10,44.567138671875,116.53345489501953
2021-03-11,44.08196258544922,116.21939849853516
2021-03-12,43.99461364746094,116.06236267089844
2021-03-15,44.57992172241211,116.05363464355469
2021-03-16,44.745906829833984,116.90857696533203
2021-03-17,44.763370513916016,116.56835174560547
2021-03-18,44.17806625366211,115.617431640625
2021-03-19,44.38773727416992,117.3360595703125
2021-03-22,44.553707122802734,120.21492004394531
2021-03-23,44.89441680908203,121.6630859375
2021-03-24,45.00799560546875,121.09606170654297
2021-03-25,45.44478988647461,121.8113784790039
2021-03-26,46.33585739135742,124.48961639404297
2021-03-29,47.04347610473633,126.33036041259766
2021-03-30,46.43195724487305,124.35002899169922
2021-03-31,46.047569274902344,123.3991470336914
2021-04-01,45.87284851074219,123.25082397460938
2021-04-05,46.13493347167969,124.89091491699219
2021-04-06,46.46690368652344,125.33582305908203
2021-04-07,46.545528411865234,125.10901641845703
2021-04-08,46.4057502746582,124.35002899169922
2021-04-09,46.458168029785156,124.37625885009766
2021-04-12,46.60668182373047,124.76876068115234
2021-04-13,46.37953186035156,124.79493713378906
2021-04-14,46.37080383300781,123.97493743896484
2021-04-15,46.589202880859375,124.1493911743164
2021-04-16,46.89496612548828,125.76332092285156
2021-04-19,47.17452621459961,126.27800750732422
2021-04-20,47.323028564453125,127.11553192138672
2021-04-21,47.707420349121094,128.2234344482422
2021-04-22,47.558902740478516,127.42955780029297
2021-04-23,47.58510971069336,127.22018432617188
2021-04-26,46.87749481201172,125.06539916992188
2021-04-27,46.8076057434082,124.6553726196289
2021-04-28,46.81634521484375,123.73065948486328
2021-04-29,47.40165328979492,125.57137298583984
2021-04-30,47.157039642333984,125.76332092285156
2021-05-03,47.593849182128906,127.18529510498047
2021-05-04,47.29681396484375,125.58885955810547
2021-05-05,47.17452621459961,125.52775573730469
2021-05-06,47.64625930786133,126.98466491699219
2021-05-07,47.620052337646484,126.98466491699219
2021-05-10,47.9694938659668,127.99661254882812
2021-05-11,47.454071044921875,127.06319427490234
2021-05-12,47.2094612121582,125.82440948486328
2021-05-13,47.620052337646484,127.69124603271484
2021-05-14,47.81224060058594,127.88316345214844
2021-05-17,47.73362350463867,127.51681518554688
2021-05-18,47.47154235839844,126.94102478027344
2021-05-19,47.323028564453125,126.87120819091797
2021-05-20,47.74237060546875,128.4415283203125
2021-05-21,47.716148376464844,128.32810974121094
2021-05-24,47.87339782714844,128.982421875
2021-05-25,47.864662170410156,129.375
2021-05-26,48.0743293762207,129.375
2021-05-27,48.47618865966797,127.81342315673828
2021-05-28,48.30146408081055,129.06094360351562
2021-06-01,48.29271697998047,128.7904815673828
2021-06-02,48.48492431640625,129.3052215576172
2021-06-03,48.60722351074219,129.76657104492188
2021-06-04,49.13138961791992,129.9159393310547
2021-06-07,48.956668853759766,129.83685302734375
2021-06-08,48.615962982177734,128.62416076660156
2021-06-09,48.46745681762695,128.3868865966797
2021-06-10,48.84309387207031,129.70504760742188
2021-06-11,49.061500549316406,129.7841339111328
2021-06-14,48.89426040649414,130.5574493408203
2021-06-15,48.77103805541992,130.5662078857422
2021-06-16,48.11969757080078,129.26565551757812
2021-06-17,48.36615753173828,130.51348876953125
2021-06-18,47.32752990722656,127.78936004638672
2021-06-21,47.846858978271484,128.7910919189453
2021-06-22,48.02288055419922,128.98443603515625
2021-06-23,47.63560104370117,127.28843688964844
2021-06-24,47.87324142456055,128.00901794433594
2021-06-25,47.81163787841797,128.65931701660156
2021-06-28,47.75883102416992,129.2129364013672
2021-06-29,47.40675354003906,129.1250457763672
2021-06-30,47.62679672241211,130.20594787597656
2021-07-01,47.49477005004883,130.2322998046875
2021-07-02,47.688411712646484,130.856201171875
2021-07-06,47.42435836791992,131.04954528808594
2021-07-07,47.81163787841797,131.6295166015625
2021-07-08,47.64440155029297,131.6910400390625
2021-07-09,47.93486022949219,131.35711669921875
2021-07-12,47.95246505737305,131.38345336914062
2021-07-13,48.42776870727539,134.41522216796875
2021-07-14,49.519195556640625,135.8036346435547
2021-07-15,49.6776237487793,136.4275665283203
2021-07-16,49.642425537109375,136.928466796875
2021-07-19,49.05270004272461,136.91090393066406
2021-07-20,49.14071273803711,136.928466796875
2021-07-21,49.77444076538086,136.41879272460938
2021-07-22,49.70403289794922,136.37484741210938
2021-07-23,50.17932891845703,138.12356567382812
2021-07-26,50.223350524902344,138.02691650390625
2021-07-27,50.39937973022461,138.79141235351562
2021-07-28,49.941688537597656,137.5172119140625
2021-07-29,50.214542388916016,137.7984161376953
2021-07-30,50.19693374633789,137.92144775390625
2021-08-02,50.064910888671875,137.3678436279297
2021-08-03,50.10011672973633,137.67539978027344
2021-08-04,49.37836456298828,135.373046875
2021-08-05,49.730438232421875,135.6015625
2021-08-06,49.85366439819336,135.61911010742188
2021-08-09,49.86246871948242,135.63668823242188
2021-08-10,49.99449920654297,135.7069549560547
2021-08-11,49.93288040161133,136.24302673339844
2021-08-12,50.02970886230469,136.26937866210938
2021-08-13,50.37297058105469,137.5435791015625
2021-08-16,50.59302520751953,138.8881072998047
2021-08-17,50.41698455810547,138.7562713623047
2021-08-18,49.730438232421875,137.3326873779297
2021-08-19,50.04731369018555,139.64382934570312
2021-08-20,49.85366439819336,139.15171813964844
2021-08-23,49.6776237487793,138.71234130859375
2021-08-24,49.29914855957031,136.98992919921875
2021-08-25,49.351959228515625,136.3836212158203
2021-08-26,48.885459899902344,135.8827667236328
2021-08-27,48.98228073120117,136.15516662597656
2021-08-30,49.44877624511719,137.0866241455078
2021-08-31,49.56321334838867,137.4293212890625
2021-09-01,49.89767837524414,138.76507568359375
2021-09-02,49.96809768676758,138.8668212890625
2021-09-03,49.93288040161133,138.99069213867188
2021-09-07,48.9998893737793,136.7256317138672
2021-09-08,49.660030364990234,138.66331481933594
2021-09-09,49.16712188720703,137.78738403320312
2021-09-10,48.94707489013672,137.54847717285156
2021-09-13,49.351959228515625,137.81393432617188
2021-09-14,49.38743209838867,137.27420043945312
2021-09-15,49.555931091308594,138.04397583007812
2021-09-16,49.08591079711914,137.63697814941406
2021-09-17,48.278900146484375,136.37173461914062
2021-09-20,47.94190979003906,135.91163635253906
2021-09-21,47.93303680419922,135.84967041015625
2021-09-22,48.00397872924805,136.26553344726562
2021-09-23,47.92416763305664,136.37173461914062
2021-09-24,47.79115295410156,136.43365478515625
2021-09-27,47.54283905029297,135.12417602539062
2021-09-28,46.68260955810547,133.64657592773438
2021-09-29,46.96639633178711,134.75257873535156
2021-09-30,46.53184127807617,133.080322265625
2021-10-01,47.01960754394531,133.55813598632812
2021-10-04,46.993003845214844,132.89451599121094
2021-10-05,47.07281494140625,133.68197631835938
2021-10-06,47.63151931762695,137.1060791015625
2021-10-07,47.78227615356445,138.37132263183594
2021-10-08,47.9951171875,138.05284118652344
2021-10-11,48.09266662597656,138.23861694335938
2021-10-12,48.09266662597656,138.84912109375
2021-10-13,48.101531982421875,139.78700256347656
2021-10-14,48.42966079711914,140.9106903076172
2021-10-15,48.314369201660156,140.5124969482422
2021-10-18,47.83549118041992,139.87547302246094
2021-10-19,48.021728515625,141.6538848876953
2021-10-20,48.44740295410156,142.72445678710938
2021-10-21,48.19908905029297,140.83987426757812
2021-10-22,48.28777313232422,141.5388641357422
2021-10-25,48.09266662597656,140.87525939941406
2021-10-26,48.30550765991211,142.60057067871094
2021-10-27,49.23667526245117,142.10511779785156
2021-10-28,49.69783020019531,142.99874877929688
2021-10-29,49.990482330322266,142.98106384277344
2021-11-01,49.8131103515625,142.68020629882812
2021-11-02,49.75102996826172,143.9897003173828
2021-11-03,49.919532775878906,145.36997985839844
2021-11-04,50.19443893432617,145.37881469726562
2021-11-05,50.407291412353516,146.8740997314453
2021-11-08,49.95500946044922,143.7154083251953
2021-11-09,50.09690475463867,144.67095947265625
2021-11-10,50.300872802734375,145.13990783691406
2021-11-11,50.318603515625,143.9454803466797
2021-11-12,50.20331954956055,143.91009521484375
2021-11-15,50.21218490600586,144.92758178710938
2021-11-16,49.85745620727539,144.49403381347656
2021-11-17,49.5825309753418,144.54710388183594
2021-11-18,49.139122009277344,144.5913848876953
2021-11-19,48.89080810546875,144.9364471435547
2021-11-22,49.19234085083008,145.2372589111328
2021-11-23,49.555931091308594,146.2105255126953
2021-11-24,49.156864166259766,144.87449645996094
2021-11-26,47.64925003051758,142.57406616210938
2021-11-29,48.40305709838867,145.22842407226562
2021-11-30,46.87483215332031,141.37074279785156
2021-12-01,46.740760803222656,141.7069549560547
2021-12-02,47.42892074584961,143.07427978515625
2021-12-03,47.84896469116211,146.71751403808594
2021-12-06,49.07333755493164,148.24072265625
2021-12-07,49.3414421081543,148.07147216796875
2021-12-08,49.153770446777344,148.32980346679688
2021-12-09,49.02865219116211,148.14273071289062
2021-12-10,50.29771423339844,150.5121612548828
2021-12-13,51.620391845703125,151.26039123535156
2021-12-14,51.6561393737793,150.8862762451172
2021-12-15,51.88850402832031,152.82814025878906
2021-12-16,52.41579055786133,153.05084228515625
2021-12-17,51.59358215332031,149.9153594970703
2021-12-20,51.423789978027344,150.91299438476562
2021-12-21,51.62932586669922,150.46762084960938
2021-12-22,51.995750427246094,151.40292358398438
2021-12-23,52.031494140625,151.2336883544922
2021-12-27,52.41579055786133,152.73904418945312
2021-12-28,52.6213493347168,153.5318603515625
2021-12-29,52.683902740478516,154.0751953125
2021-12-30,52.53197479248047,153.80796813964844
2021-12-31,52.916259765625,154.734375
2022-01-03,52.996700286865234,154.0841064453125
2022-01-04,53.881465911865234,154.30679321289062
2022-01-05,54.32831954956055,154.83236694335938
2022-01-06,54.042335510253906,154.8679656982422
2022-01-07,53.917213439941406,155.06396484375
2022-01-10,54.006591796875,155.1440887451172
2022-01-11,54.02446365356445,155.07286071777344
2022-01-12,54.10489273071289,154.90362548828125
2022-01-13,54.42662811279297,155.1529998779297
2022-01-14,54.86454772949219,156.45352172851562
2022-01-18,54.42662811279297,154.9570770263672
2022-01-19,54.5160026550293,156.07052612304688
2022-01-20,54.292572021484375,154.93923950195312
2022-01-21,54.02446365356445,155.1886444091797
2022-01-24,53.586544036865234,154.39588928222656
2022-01-25,53.46142578125,152.62322998046875
2022-01-26,53.26481246948242,151.01100158691406
2022-01-27,53.309505462646484,150.86846923828125
2022-01-28,54.373008728027344,153.80796813964844
2022-01-31,54.52493667602539,154.5651092529297
2022-02-01,54.12276840209961,153.51402282714844
2022-02-02,54.67686462402344,156.30213928222656
2022-02-03,55.061161041259766,156.21304321289062
2022-02-04,54.480255126953125,153.6476593017578
2022-02-07,55.052215576171875,153.0419158935547
2022-02-08,55.409698486328125,153.22898864746094
2022-02-09,54.55174255371094,153.15771484375
2022-02-10,54.85560989379883,149.9777069091797
2022-02-11,53.881465911865234,150.1647491455078
2022-02-14,54.230010986328125,148.4901123046875
2022-02-15,54.43556594848633,147.83099365234375
2022-02-16,54.42662811279297,148.13381958007812
2022-02-17,55.51694869995117,148.53465270996094
2022-02-18,55.89230728149414,149.3897705078125
2022-02-22,55.65993881225586,149.9598846435547
2022-02-23,55.04328155517578,148.48123168945312
2022-02-24,54.07807922363281,145.89797973632812
2022-02-25,56.169349670410156,149.98660278320312
2022-02-28,55.62419509887695,145.8534698486328
2022-03-01,55.38289260864258,144.54405212402344
2022-03-02,55.79399871826172,146.54827880859375
2022-03-03,55.82975387573242,146.39134216308594
2022-03-04,55.91911315917969,148.61495971679688
2022-03-07,54.58749771118164,145.65611267089844
2022-03-08,52.42472457885742,141.54959106445312
2022-03-09,52.692848205566406,141.12815856933594
2022-03-10,51.727638244628906,138.53697204589844
2022-03-11,51.76338195800781,137.83758544921875
2022-03-14,52.71796417236328,139.7742462158203
2022-03-15,53.6905517578125,142.56277465820312
2022-03-16,53.546470642089844,143.19041442871094
2022-03-17,54.113807678222656,144.30224609375
2022-03-18,54.1228141784668,145.9609832763672
2022-03-21,54.55507278442383,145.75477600097656
2022-03-22,54.75320053100586,147.35073852539062
2022-03-23,54.39297866821289,146.57965087890625
2022-03-24,54.9152946472168,147.46731567382812
2022-03-25,55.41059112548828,148.15769958496094
2022-03-28,55.761817932128906,148.5970458984375
2022-03-29,55.977943420410156,150.80271911621094
2022-03-30,56.022972106933594,150.5964813232422
2022-03-31,55.8338508605957,150.07643127441406
2022-04-01,56.61732864379883,152.21043395996094
2022-04-04,56.320152282714844,151.81591796875
2022-04-05,56.25711441040039,151.977294921875
2022-04-06,56.82445526123047,154.5685272216797
2022-04-07,57.13063430786133,154.7120361328125
2022-04-08,57.48186111450195,155.23202514648438
2022-04-11,57.463844299316406,154.75682067871094
2022-04-12,58.13924789428711,155.3844757080078
2022-04-13,58.29234313964844,155.115478515625
2022-04-14,58.553504943847656,154.1291961669922
2022-04-18,58.031192779541016,152.8022003173828
2022-04-19,58.59852981567383,155.02581787109375
2022-04-20,59.40001678466797,157.33013916015625
2022-04-21,59.625152587890625,156.76527404785156
2022-04-22,58.760623931884766,154.35336303710938
2022-04-25,59.38201141357422,155.7789764404297
2022-04-26,58.58051681518555,155.3844757080078
2022-04-27,59.039798736572266,156.77426147460938
2022-04-28,59.60715103149414,159.1502685546875
2022-04-29,58.18428039550781,153.95883178710938
2022-05-02,57.13063430786133,150.4171905517578
2022-05-03,56.80644607543945,150.6234130859375
2022-05-04,58.5625,155.8865509033203
2022-05-05,58.09422302246094,152.77525329589844
2022-05-06,58.30135726928711,152.793212890625
2022-05-09,58.18428039550781,153.94989013671875
2022-05-10,57.64395523071289,153.76158142089844
2022-05-11,57.91411590576172,153.01736450195312
2022-05-12,58.09422302246094,152.7842559814453
2022-05-13,59.183895111083984,155.76101684570312
2022-05-16,59.40001678466797,157.33013916015625
2022-05-17,59.2379035949707,156.42453002929688
2022-05-18,55.11341094970703,146.7320556640625
2022-05-19,54.03276443481445,144.5353546142578
2022-05-20,54.9152946472168,145.44093322753906
2022-05-23,56.60832214355469,148.48046875
2022-05-24,57.65294647216797,150.47097778320312
2022-05-25,57.6979866027832,151.50210571289062
2022-05-26,57.90510940551758,152.5242919921875
2022-05-27,58.247318267822266,154.0126495361328
2022-05-31,57.07661056518555,150.40821838378906
2022-06-01,56.79743576049805,149.27845764160156
2022-06-02,57.39180374145508,150.48829650878906
2022-06-03,56.7073860168457,148.8361053466797
2022-06-06,56.61732864379883,149.45904541015625
2022-06-07,56.95953369140625,150.37994384765625
2022-06-08,56.635337829589844,149.63059997558594
2022-06-09,55.653743743896484,146.96717834472656
2022-06-10,55.302528381347656,146.73239135742188
2022-06-13,55.23949432373047,144.22247314453125
2022-06-14,53.72471237182617,140.95413208007812
2022-06-15,54.12382125854492,142.46188354492188
2022-06-16,53.5795783996582,141.77572631835938
2022-06-17,53.906124114990234,141.80282592773438
2022-06-21,55.058082580566406,145.09823608398438
2022-06-22,55.46625900268555,146.29000854492188
2022-06-23,56.12840270996094,148.15892028808594
2022-06-24,57.18058776855469,149.9917449951172
2022-06-27,57.06266784667969,150.1903839111328
2022-06-28,56.49122619628906,148.07765197753906
2022-06-29,56.89939498901367,150.533447265625
2022-06-30,57.06266784667969,150.4702606201172
2022-07-01,58.396026611328125,152.93502807617188
2022-07-05,57.39827346801758,152.59194946289062
2022-07-06,57.51619338989258,154.11781311035156
2022-07-07,57.06266784667969,153.81082153320312
2022-07-08,57.27129364013672,155.18316650390625
2022-07-11,57.089874267578125,153.91012573242188
2022-07-12,56.844974517822266,153.03436279296875
2022-07-13,56.58192825317383,153.5760955810547
2022-07-14,56.40052032470703,154.37059020996094
2022-07-15,56.69077682495117,154.49696350097656
2022-07-18,55.91978073120117,151.91481018066406
2022-07-19,56.717987060546875,153.53994750976562
2022-07-20,55.78371810913086,151.91481018066406
2022-07-21,55.656734466552734,152.1405487060547
2022-07-22,55.8653564453125,153.1336669921875
2022-07-25,56.40959167480469,153.35035705566406
2022-07-26,57.334781646728516,155.13803100585938
2022-07-27,57.15336990356445,154.92132568359375
2022-07-28,58.105770111083984,157.8556365966797
2022-07-29,58.20555114746094,157.96395874023438
2022-08-01,58.52302169799805,159.76065063476562
2022-08-02,57.724822998046875,158.44247436523438
2022-08-03,57.97878646850586,159.65231323242188
2022-08-04,57.75202560424805,158.7855682373047
2022-08-05,57.48898696899414,157.5937957763672
2022-08-08,57.117088317871094,156.96180725097656
2022-08-09,57.189659118652344,157.54867553710938
2022-08-10,57.733882904052734,158.84877014160156
2022-08-11,57.34385299682617,158.03616333007812
2022-08-12,57.779239654541016,160.10372924804688
2022-08-15,58.50487518310547,161.86428833007812
2022-08-16,58.98561477661133,162.8032989501953
2022-08-17,58.849552154541016,162.71299743652344
2022-08-18,59.157962799072266,162.87550354003906
2022-08-19,59.11261749267578,162.66787719726562
2022-08-22,58.23276138305664,161.1149444580078
2022-08-23,58.29625701904297,161.042724609375
2022-08-24,58.377891540527344,161.8462677001953
2022-08-25,58.659080505371094,161.85528564453125
2022-08-26,57.244083404541016,158.03616333007812
2022-08-29,56.89939498901367,157.5396270751953
2022-08-30,56.37331008911133,156.18533325195312
2022-08-31,55.974212646484375,155.53526306152344
2022-09-01,56.23725128173828,157.10772705078125
2022-09-02,55.46625900268555,155.11715698242188
2022-09-06,55.493465423583984,154.0718994140625
2022-09-07,56.51844024658203,157.47129821777344
2022-09-08,56.34609603881836,156.94407653808594
2022-09-09,56.52750778198242,157.4440155029297
2022-09-12,56.69077682495117,158.0620880126953
2022-09-13,54.849456787109375,152.1631622314453
2022-09-14,55.13972091674805,153.3175048828125
2022-09-15,54.3905029296875,150.77252197265625
2022-09-16,54.39965057373047,151.7632293701172
2022-09-19,54.810794830322266,153.36294555664062
2022-09-20,54.728572845458984,153.53564453125
2022-09-21,54.271732330322266,153.09938049316406
2022-09-22,54.14381790161133,153.24478149414062
2022-09-23,53.540802001953125,153.17205810546875
2022-09-26,52.87382125854492,153.10845947265625
2022-09-27,51.51247024536133,150.8906707763672
2022-09-28,52.060665130615234,153.30841064453125
2022-09-29,51.68605422973633,151.43603515625
2022-09-30,51.18354415893555,148.39111328125
2022-10-03,51.759159088134766,150.19989013671875
2022-10-04,51.8779296875,151.89048767089844
2022-10-05,51.384559631347656,150.881591796875
2022-10-06,50.27901077270508,147.9730224609375
2022-10-07,49.80391311645508,146.89141845703125
2022-10-10,49.694271087646484,147.082275390625
2022-10-11,49.77649688720703,147.78213500976562
2022-10-12,50.379512786865234,153.9628143310547
2022-10-13,51.0464973449707,158.70741271972656
2022-10-14,50.233333587646484,154.6899871826172
2022-10-17,50.88203048706055,156.99862670898438
2022-10-18,51.56728744506836,159.116455078125
2022-10-19,51.128726959228516,157.57127380371094
2022-10-20,50.32470703125,155.84429931640625
2022-10-21,51.128726959228516,157.298583984375
2022-10-24,52.599727630615234,161.49783325195312
2022-10-25,53.8605842590332,162.03408813476562
2022-10-26,54.262603759765625,162.76124572753906
2022-10-27,54.3905029296875,162.58853149414062
2022-10-28,55.51432418823242,165.63343811035156
2022-10-31,54.68287658691406,165.0426483154297
2022-11-01,54.49101257324219,164.2972869873047
2022-11-02,53.73268127441406,162.0068359375
2022-11-03,53.70526885986328,161.58871459960938
2022-11-04,54.14381790161133,162.49766540527344
2022-11-07,54.35396957397461,163.7974090576172
2022-11-08,54.4544677734375,164.25186157226562
2022-11-09,53.69612503051758,162.28857421875
2022-11-10,55.623958587646484,165.15170288085938
2022-11-11,56.025970458984375,161.83413696289062
2022-11-14,55.48690414428711,160.6343536376953
2022-11-15,55.39554977416992,161.05247497558594
2022-11-16,55.2950439453125,162.08860778808594
2022-11-17,55.46863555908203,163.6337890625
2022-11-18,55.86151123046875,164.81541442871094
2022-11-21,56.72036361694336,167.98753356933594
2022-11-22,56.967044830322266,168.00572204589844
2022-11-23,57.22287368774414,168.22386169433594
2022-11-25,57.27769470214844,167.3422088623047
2022-11-28,57.28683090209961,167.1422576904297
2022-11-29,57.085819244384766,165.9606475830078
2022-11-30,58.53044891357422,168.6147003173828
2022-12-01,58.696083068847656,170.02316284179688
2022-12-02,59.21135711669922,169.83111572265625
2022-12-05,58.40163040161133,167.48060607910156
2022-12-06,58.3740234375,166.11785888671875
2022-12-07,58.466041564941406,166.62088012695312
2022-12-08,58.714481353759766,168.08425903320312
2022-12-09,58.097984313964844,167.4623260498047
2022-12-12,58.86170196533203,168.25804138183594
2022-12-13,58.88011169433594,168.16656494140625
2022-12-14,58.88011169433594,167.7001190185547
2022-12-15,58.07038116455078,164.85572814941406
2022-12-16,57.7391242980957,164.9380340576172
2022-12-19,57.82194137573242,165.8526153564453
2022-12-20,57.77593231201172,165.7520294189453
2022-12-21,58.70527648925781,166.91354370117188
2022-12-22,58.282012939453125,165.62399291992188
2022-12-23,58.72367858886719,166.6940460205078
2022-12-27,59.08253479003906,167.43487548828125
2022-12-28,58.49364471435547,166.2276153564453
2022-12-29,58.843299865722656,166.43795776367188
2022-12-30,58.53044891357422,165.230712890625
2023-01-03,57.92315673828125,164.0874786376953
2023-01-04,57.89554977416992,163.68504333496094
2023-01-05,57.23305130004883,161.9747772216797
2023-01-06,58.337215423583984,165.63311767578125
2023-01-09,57.61030578613281,164.01431274414062
2023-01-10,57.168636322021484,162.6606903076172
2023-01-11,57.058223724365234,162.84361267089844
2023-01-12,56.32210159301758,160.76747131347656
2023-01-13,56.524532318115234,160.27362060546875
2023-01-17,56.754573822021484,161.0235595703125
2023-01-18,55.033905029296875,156.96278381347656
2023-01-19,54.95109176635742,155.14271545410156
2023-01-20,55.28234100341797,155.3714141845703
2023-01-23,55.42036056518555,154.67625427246094
2023-01-24,55.714813232421875,156.11216735839844
2023-01-25,56.0644645690918,157.24630737304688
2023-01-26,55.95404815673828,155.6823272705078
2023-01-27,55.65959548950195,155.1335906982422
2023-01-30,55.7976188659668,155.00555419921875
2023-01-31,56.423316955566406,156.41400146484375
2023-02-01,56.432518005371094,156.90789794921875
2023-02-02,55.466365814208984,155.45372009277344
2023-02-03,55.05230712890625,154.67625427246094
2023-02-06,55.36514663696289,157.14569091796875
2023-02-07,55.27313232421875,156.90789794921875
2023-02-08,54.95109176635742,156.54205322265625
2023-02-09,54.859073638916016,158.02369689941406
2023-02-10,54.859073638916016,161.151611328125
2023-02-13,55.76081466674805,162.5875244140625
2023-02-14,54.83147048950195,160.7583465576172
2023-02-15,54.83147048950195,160.9778289794922
2023-02-16,54.49101257324219,160.52052307128906
2023-02-17,55.31914138793945,161.2248077392578
2023-02-21,55.02470016479492,161.1333465576172
2023-02-22,55.1903190612793,161.07843017578125
2023-02-23,55.291542053222656,161.252197265625
2023-02-24,55.06150436401367,160.93211364746094
2023-02-27,55.04309844970703,160.8863983154297
2023-02-28,54.75785446166992,158.70962524414062
2023-03-01,54.15976333618164,156.69754028320312
2023-03-02,54.95109176635742,159.5887908935547
2023-03-03,54.693443298339844,159.4322509765625
2023-03-06,55.53997802734375,159.75454711914062
2023-03-07,55.217926025390625,158.96266174316406
2023-03-08,55.24553680419922,159.39541625976562
2023-03-09,54.711849212646484,158.189208984375
2023-03-10,54.4818115234375,158.40097045898438
2023-03-13,55.033905029296875,159.94786071777344
2023-03-14,55.236328125,159.78211975097656
2023-03-15,55.60438537597656,162.6365509033203
2023-03-16,55.91036605834961,162.5260467529297
2023-03-17,55.650753021240234,161.25535583496094
2023-03-20,56.18852615356445,163.52049255371094
2023-03-21,55.92890548706055,163.9071807861328
2023-03-22,55.678565979003906,162.5260467529297
2023-03-23,55.55802917480469,161.73414611816406
2023-03-24,56.46669006347656,164.9016571044922
2023-03-27,56.88392639160156,165.26995849609375
2023-03-28,56.9488410949707,165.21469116210938
2023-03-29,57.3568115234375,166.35646057128906
2023-03-30,57.347530364990234,166.50379943847656
2023-03-31,57.514427185058594,167.85733032226562
2023-04-03,57.85749816894531,168.04148864746094
2023-04-04,57.68132400512695,167.4429931640625
2023-04-05,58.22837448120117,169.0911865234375
2023-04-06,58.26546859741211,169.754150390625
2023-04-10,58.126380920410156,168.68603515625
2023-04-11,58.024391174316406,168.42820739746094
2023-04-12,58.126380920410156,168.0967254638672
2023-04-13,58.55289077758789,169.7725372314453
2023-04-14,58.460174560546875,168.97145080566406
2023-04-17,58.84032440185547,169.83697509765625
2023-04-18,58.93305587768555,170.1868896484375
2023-04-19,59.04431915283203,170.0856170654297
2023-04-20,59.30392837524414,170.64724731445312
2023-04-21,59.387386322021484,170.72091674804688
2023-04-24,59.294654846191406,170.8038330078125
2023-04-25,59.201934814453125,174.68028259277344
2023-04-26,58.92377471923828,173.60293579101562
2023-04-27,59.04431915283203,174.661865234375
2023-04-28,59.4801025390625,175.76681518554688
2023-05-01,59.619178771972656,176.49420166015625
2023-05-02,59.35029220581055,177.01905822753906
2023-05-03,59.01649856567383,176.95457458496094
2023-05-04,59.08140182495117,178.0595245361328
2023-05-05,59.35955810546875,178.8790283203125
2023-05-08,59.26683807373047,178.03189086914062
2023-05-09,58.775428771972656,178.75929260253906
2023-05-10,58.877410888671875,178.8790283203125
2023-05-11,59.211212158203125,179.86424255371094
2023-05-12,59.44301223754883,180.58242797851562
2023-05-15,59.28538513183594,178.8790283203125
2023-05-16,58.6177978515625,178.1055450439453
2023-05-17,58.55289077758789,176.84410095214844
2023-05-18,58.22837448120117,176.38372802734375
2023-05-19,58.25619125366211,176.6415557861328
2023-05-22,57.032283782958984,171.85350036621094
2023-05-23,56.930294036865234,171.32867431640625
2023-05-24,56.448143005371094,170.24215698242188
2023-05-25,56.012359619140625,169.23851013183594
2023-05-26,55.87327575683594,169.03594970703125
2023-05-30,55.42821502685547,167.22198486328125
2023-05-31,55.316959381103516,167.9033660888672
2023-06-01,55.63220977783203,168.9279327392578
2023-06-02,56.707759857177734,170.66180419921875
2023-06-05,56.327606201171875,170.7823486328125
2023-06-06,55.91964340209961,168.34378051757812
2023-06-07,55.8361930847168,166.99932861328125
2023-06-08,55.97527313232422,168.84449768066406
2023-06-09,56.067989349365234,169.07626342773438
2023-06-12,55.82691955566406,168.65904235839844
2023-06-13,56.0494499206543,168.32525634765625
2023-06-14,56.429603576660156,169.83657836914062
2023-06-15,57.20503616333008,172.19171142578125
2023-06-16,57.61611557006836,172.4976806640625
2023-06-20,57.233070373535156,171.82083129882812
2023-06-21,57.39189147949219,171.9320831298828
2023-06-22,57.78428268432617,173.7123565673828
2023-06-23,57.17701721191406,172.5255126953125
2023-06-26,57.19569778442383,171.43138122558594
2023-06-27,57.07424545288086,172.66458129882812
2023-06-28,56.541709899902344,170.32803344726562
2023-06-29,56.074581146240234,170.4949188232422
2023-06-30,56.26142883300781,171.7373809814453
2023-07-03,56.59777069091797,172.0897216796875
2023-07-05,57.0181884765625,172.99835205078125
2023-07-06,56.57908630371094,173.0169219970703
2023-07-07,55.831668853759766,169.75315856933594
2023-07-10,55.4112548828125,170.88433837890625
2023-07-11,55.607444763183594,170.58761596679688
2023-07-12,55.906410217285156,169.83657836914062
2023-07-13,56.38288879394531,173.87921142578125
2023-07-14,56.896732330322266,174.50973510742188
2023-07-17,56.81264877319336,172.11753845214844
2023-07-18,56.58842468261719,171.02340698242188
2023-07-19,57.58808898925781,172.70166015625
2023-07-20,58.288787841796875,175.5203857421875
2023-07-21,58.33550262451172,176.3177947998047
2023-07-24,58.354183197021484,177.0224609375
2023-07-25,58.15799331665039,177.43043518066406
2023-07-26,58.9054069519043,177.65296936035156
2023-07-27,58.33550262451172,174.8064422607422
2023-07-28,58.372867584228516,176.45684814453125
2023-07-31,57.859031677246094,173.8143310546875
2023-08-01,57.70954513549805,173.2209014892578
2023-08-02,57.88705062866211,174.60243225097656
2023-08-03,57.58808898925781,173.4990692138672
2023-08-04,56.71921920776367,171.1625213623047
2023-08-07,57.16766357421875,173.2858123779297
2023-08-08,56.9154167175293,171.01417541503906
2023-08-09,57.04621887207031,170.58761596679688
2023-08-10,56.9154167175293,170.3743896484375
2023-08-11,57.148983001708984,170.6432647705078
2023-08-14,56.87804412841797,170.25384521484375
2023-08-15,56.49500274658203,168.14907836914062
2023-08-16,56.50434112548828,168.019287109375
2023-08-17,56.62580108642578,165.4601593017578
2023-08-18,56.943443298339844,165.20982360839844
2023-08-21,56.45762634277344,164.162109375
2023-08-22,56.11195373535156,162.91038513183594
2023-08-23,56.30815124511719,165.15419006347656
2023-08-24,56.15866470336914,164.2825927734375
2023-08-25,56.420257568359375,166.3595733642578
2023-08-28,56.57908630371094,167.129150390625
2023-08-29,56.52302551269531,167.7596435546875
2023-08-30,56.49500274658203,167.8987579345703
2023-08-31,55.89707565307617,166.12928771972656
2023-09-01,55.4112548828125,163.70162963867188
2023-09-05,54.95345687866211,162.6184844970703
2023-09-06,54.91608428955078,163.15072631835938
2023-09-07,54.49567794799805,164.7100372314453
2023-09-08,54.49567794799805,164.5886688232422
2023-09-11,55.009521484375,167.07237243652344
2023-09-12,54.4676399230957,166.45614624023438
2023-09-13,54.59844207763672,167.77267456054688
2023-09-14,55.050445556640625,169.21995544433594
2023-09-15,54.56077575683594,167.92205810546875
2023-09-18,54.899776458740234,167.49258422851562
2023-09-19,54.786773681640625,166.5028076171875
2023-09-20,55.0316162109375,166.55885314941406
2023-09-21,54.18410873413086,163.75762939453125
2023-09-22,54.2406005859375,163.65493774414062
2023-09-25,53.67559814453125,162.7772216796875
2023-09-26,53.23301315307617,161.08717346191406
2023-09-27,52.68683624267578,158.33267211914062
2023-09-28,52.55500793457031,158.2672882080078
2023-09-29,52.715087890625,158.21127319335938
2023-10-02,52.24424362182617,157.95916748046875
2023-10-03,51.67924499511719,156.5865936279297
2023-10-04,51.82990646362305,157.71640014648438
2023-10-05,49.32505798339844,149.49021911621094
2023-10-06,50.04072570800781,149.66766357421875
2023-10-09,49.79589080810547,150.666748046875
2023-10-10,50.878814697265625,153.50527954101562
2023-10-11,50.57748031616211,151.84323120117188
2023-10-12,49.7299690246582,147.60411071777344
2023-10-13,49.8053092956543,149.39683532714844
2023-10-16,50.31380844116211,150.40530395507812
2023-10-17,50.91648483276367,149.74234008789062
2023-10-18,50.89765167236328,151.29234313964844
2023-10-19,51.18014907836914,149.9197540283203
2023-10-20,51.38732147216797,149.39683532714844
2023-10-23,50.9259033203125,149.4715576171875
2023-10-24,52.39491653442383,151.44174194335938
2023-10-25,52.846920013427734,151.59112548828125
2023-10-26,52.52675247192383,150.71340942382812
2023-10-27,52.01824188232422,149.0420379638672
2023-10-30,52.87517166137695,151.52577209472656
2023-10-31,53.195350646972656,152.45948791503906
2023-11-01,53.14825439453125,153.94412231445312
2023-11-02,53.760345458984375,155.77426147460938
2023-11-03,53.430763244628906,155.73687744140625
2023-11-06,53.64735412597656,155.65286254882812
2023-11-07,53.84510040283203,156.10104370117188
2023-11-08,53.760345458984375,156.297119140625
2023-11-09,53.35542297363281,155.1486358642578
2023-11-10,53.41193389892578,155.85826110839844
2023-11-13,53.609683990478516,156.65194702148438
2023-11-14,53.76976776123047,156.9694061279297
2023-11-15,53.87335205078125,156.16641235351562
2023-11-16,53.81685256958008,156.59591674804688
2023-11-17,53.920433044433594,155.7088623046875
2023-11-20,54.052268981933594,155.48477172851562
2023-11-21,54.64552688598633,156.67996215820312
2023-11-22,55.012779235839844,158.00587463378906
2023-11-24,55.15403366088867,158.14590454101562
2023-11-27,55.050445556640625,157.16551208496094
2023-11-28,55.163455963134766,157.66970825195312
2023-11-29,54.8338623046875,156.08236694335938
2023-11-30,55.46980667114258,158.33572387695312
2023-12-01,55.659645080566406,158.7120361328125
2023-12-04,55.59320068359375,159.13543701171875
2023-12-05,55.678627014160156,158.00640869140625
2023-12-06,55.62167739868164,157.6018524169922
2023-12-07,55.75456237792969,157.5548095703125
2023-12-08,55.631168365478516,155.88009643554688
2023-12-11,56.03931427001953,157.89352416992188
2023-12-12,56.39999771118164,158.50506591796875
2023-12-13,56.884071350097656,161.83567810058594
2023-12-14,56.03931427001953,158.29808044433594
2023-12-15,55.62167739868164,157.12200927734375
2023-12-18,56.02033233642578,158.91903686523438
2023-12-19,55.83998489379883,158.0158233642578
2023-12-20,54.6819953918457,155.88949584960938
2023-12-21,55.04268264770508,157.0937957763672
2023-12-22,55.35590362548828,157.7617950439453
2023-12-26,55.583709716796875,158.87197875976562
2023-12-27,55.7260856628418,159.38003540039062
2023-12-28,55.76405334472656,159.3706512451172
2023-12-29,55.934906005859375,159.7940216064453
2024-01-02,56.77967071533203,162.6824493408203
2024-01-03,56.91255569458008,162.72007751464844
2024-01-04,56.72271728515625,161.3275909423828
2024-01-05,56.637290954589844,158.94728088378906
2024-01-08,57.054931640625,159.10719299316406
2024-01-09,56.95052719116211,157.28195190429688
2024-01-10,57.140357971191406,157.04672241210938
2024-01-11,56.77018356323242,156.30345153808594
2024-01-12,57.32069778442383,157.3760528564453
2024-01-16,56.94103240966797,156.34109497070312
2024-01-17,56.94103240966797,156.59512329101562
2024-01-18,57.102386474609375,157.28195190429688
2024-01-19,56.78916549682617,155.97418212890625
2024-01-22,56.54237747192383,155.3437957763672
2024-01-23,56.808143615722656,157.72415161132812
2024-01-24,55.915924072265625,155.80484008789062
2024-01-25,56.15321350097656,156.7080535888672
2024-01-26,56.3525390625,157.93113708496094
2024-01-29,56.69424819946289,158.2039794921875
2024-01-30,56.85560989379883,159.58705139160156
2024-01-31,56.46644973754883,158.5615234375
2024-02-01,57.880714416503906,161.54400634765625
2024-02-02,57.463077545166016,160.85720825195312
2024-02-05,56.98849105834961,160.8101348876953
2024-02-06,56.89357376098633,161.28057861328125
2024-02-07,56.94103240966797,161.3275909423828
2024-02-08,56.78916549682617,163.5668182373047
2024-02-09,56.53289031982422,157.75238037109375
2024-02-12,56.665775299072266,160.51846313476562
2024-02-13,56.33355712890625,158.8908233642578
2024-02-14,56.276611328125,157.6112518310547
2024-02-15,56.381019592285156,157.93113708496094
2024-02-16,56.37152862548828,156.48223876953125
2024-02-20,57.61494827270508,158.6743927001953
2024-02-21,58.12750244140625,158.84376525878906
2024-02-22,58.042076110839844,158.29808044433594
2024-02-23,58.089534759521484,159.56822204589844
2024-02-26,57.62443542480469,158.30747985839844
2024-02-27,57.27323913574219,158.21339416503906
2024-02-28,57.33019256591797,157.1502227783203
2024-02-29,56.969505310058594,156.747314453125
2024-03-01,56.50440216064453,156.03628540039062
2024-03-04,56.77018356323242,156.77574157714844
2024-03-05,56.49491500854492,153.61880493164062
2024-03-06,56.52339553833008,154.5289306640625
2024-03-07,56.418983459472656,154.63320922851562
2024-03-08,56.49491500854492,154.5763397216797
2024-03-11,57.178321838378906,156.1690216064453
2024-03-12,57.42510986328125,155.9888916015625
2024-03-13,58.01359558105469,156.7093963623047
2024-03-14,57.88443374633789,156.21641540527344
2024-03-15,57.29124450683594,156.10267639160156
2024-03-18,57.530433654785156,162.35964965820312
2024-03-19,57.62610626220703,162.87158203125
2024-03-20,58.12363052368164,162.92848205566406
2024-03-21,57.855735778808594,163.48780822753906
2024-03-22,57.87487030029297,163.0801544189453
2024-03-25,57.788761138916016,163.63003540039062
2024-03-26,57.922706604003906,163.75326538085938
2024-03-27,58.39152145385742,164.5496063232422
2024-03-28,58.535037994384766,165.91476440429688
2024-04-01,58.0566520690918,163.99026489257812
2024-04-02,57.54956817626953,162.5303192138672
2024-04-03,57.243404388427734,160.8617706298828
2024-04-04,56.73631286621094,160.8333282470703
2024-04-05,56.93723678588867,160.34983825683594
2024-04-08,56.70761489868164,160.7669677734375
2024-04-09,57.138160705566406,161.74342346191406
2024-04-10,56.372737884521484,160.16969299316406
2024-04-11,56.49712371826172,159.61038208007812
2024-04-12,55.760414123535156,159.36387634277344
2024-04-15,55.62646484375,158.27366638183594
2024-04-16,55.549922943115234,158.79507446289062
2024-04-17,55.980464935302734,160.6721649169922
2024-04-18,56.36317443847656,163.31716918945312
2024-04-19,57.56869888305664,165.0805206298828
2024-04-22,57.932273864746094,167.28944396972656
2024-04-23,58.01838302612305,162.32174682617188
2024-04-24,58.8890380859375,168.1900634765625
2024-04-25,59.070831298828125,167.4979705810547
2024-04-26,59.070831298828125,166.4551544189453
2024-04-29,59.35785675048828,166.98605346679688
2024-04-30,59.09953308105469,166.7679901123047
2024-05-01,59.25261306762695,166.04750061035156
2024-05-02,59.31002426147461,166.33189392089844
2024-05-03,59.482234954833984,166.99551391601562
2024-05-06,59.65445327758789,166.68267822265625
2024-05-07,59.91278076171875,168.76832580566406
2024-05-08,60.13283920288086,168.1900634765625
2024-05-09,60.16154098510742,168.80625915527344
2024-05-10,60.52511215209961,170.44635009765625
2024-05-13,60.8312873840332,171.49868774414062
2024-05-14,60.37202835083008,170.52220153808594
2024-05-15,60.40073776245117,170.13351440429688
2024-05-16,60.58252716064453,173.59381103515625
2024-05-17,60.305057525634766,172.7216339111328
2024-05-20,59.86494064331055,170.93934631347656
2024-05-21,60.190250396728516,171.6693115234375
2024-05-22,60.2763557434082,172.6268310546875
2024-05-23,59.40569305419922,169.95339965820312
2024-05-24,59.31958770751953,168.7399139404297
2024-05-28,59.14736557006836,164.36949157714844
2024-05-29,59.03255844116211,162.25538635253906
2024-05-30,59.29088592529297,161.6201934814453
2024-05-31,60.20938491821289,163.91444396972656
2024-06-03,60.20938491821289,162.3312225341797
2024-06-04,61.175716400146484,164.8529815673828
2024-06-05,61.15658187866211,164.47378540039062
2024-06-06,61.37664031982422,164.19883728027344
2024-06-07,61.14701461791992,163.42965698242188
2024-06-10,60.84084701538086,158.51837158203125
2024-06-11,60.802574157714844,157.7252960205078
2024-06-12,60.16154098510742,156.5404815673828
2024-06-13,60.266788482666016,156.06271362304688
2024-06-14,60.3101692199707,156.52134704589844
2024-06-17,60.37766647338867,158.74769592285156
2024-06-18,60.38731002807617,159.0725555419922
2024-06-20,59.953426361083984,159.26365661621094
2024-06-21,60.522300720214844,159.8369598388672
2024-06-24,61.67932891845703,160.60137939453125
2024-06-25,61.55398178100586,159.90383911132812
2024-06-26,61.756465911865234,159.3209991455078
2024-06-27,61.6214714050293,158.86233520507812
2024-06-28,61.37078857421875,157.59152221679688
2024-07-01,61.01403045654297,155.64230346679688
2024-07-02,60.88868713378906,156.3015899658203
2024-07-03,61.06224822998047,155.36521911621094
2024-07-05,61.476844787597656,157.07554626464844
2024-07-08,60.70548629760742,154.9065399169922
2024-07-09,60.44515609741211,154.6963348388672
2024-07-10,60.58014678955078,156.3111572265625
2024-07-11,60.84047317504883,156.65513610839844
2024-07-12,61.41899490356445,158.97702026367188
2024-07-15,61.139381408691406,156.5691375732422
2024-07-16,61.96858215332031,157.42910766601562
2024-07-17,62.87492370605469,162.33084106445312
2024-07-18,62.85563659667969,162.7894744873047
2024-07-19,62.95206069946289,161.82440185546875
2024-07-22,62.4506721496582,160.2000732421875
2024-07-23,62.633872985839844,158.88145446777344
2024-07-24,63.45343780517578,160.6873779296875
2024-07-25,63.70412826538086,163.41055297851562
2024-07-26,64.64903259277344,165.06358337402344
2024-07-29,64.4369125366211,165.5030975341797
2024-07-30,65.25647735595703,165.4744415283203
2024-07-31,64.35012817382812,164.9871368408203
2024-08-01,65.52644348144531,167.1752471923828
2024-08-02,66.8473892211914,170.11817932128906
2024-08-05,65.66143798828125,166.29617309570312
2024-08-06,65.61322784423828,164.8151397705078
2024-08-07,66.008544921875,164.14627075195312
2024-08-08,66.26887512207031,164.70046997070312
2024-08-09,66.22066497802734,164.7196044921875
2024-08-12,65.72892761230469,163.79275512695312
2024-08-13,66.008544921875,164.70046997070312
2024-08-14,66.12425231933594,165.9808807373047
2024-08-15,66.19175720214844,164.8438262939453
2024-08-16,66.70276641845703,164.93936157226562
2024-08-19,66.50992584228516,166.0859832763672
2024-08-20,66.89559936523438,168.02565002441406
2024-08-21,67.07879638671875,167.4141387939453
2024-08-22,66.8473892211914,167.92054748535156
2024-08-23,67.2909164428711,168.0447540283203
2024-08-26,68.30331420898438,168.1403045654297
2024-08-27,68.93968963623047,167.50010681152344
2024-08-28,69.18073272705078,166.1815185546875
2024-08-29,69.4699935913086,164.4329376220703
2024-08-30,69.87495422363281,165.1877899169922
2024-09-03,70.39561462402344,169.64044189453125
2024-09-04,69.96173095703125,170.57684326171875
2024-09-05,68.62150573730469,171.32215881347656
2024-09-06,68.59257507324219,170.73963928222656
2024-09-09,69.27715301513672,171.5580291748047
2024-09-10,68.9878921508789,171.19215393066406
2024-09-11,68.53472137451172,169.23770141601562
2024-09-12,68.67935943603516,170.65301513671875
2024-09-13,69.32494354248047,170.75889587402344
2024-09-16,69.99478912353516,170.61448669433594
2024-09-17,69.70355224609375,170.28713989257812
2024-09-18,69.65501403808594,168.68894958496094
2024-09-19,68.5580062866211,168.15939331054688
2024-09-20,69.54822540283203,164.8089141845703
2024-09-23,69.63558959960938,165.7042999267578
2024-09-24,69.24727630615234,163.5958251953125
2024-09-25,69.36376953125,163.0951690673828
2024-09-26,69.31523132324219,163.37437438964844
2024-09-27,69.69384002685547,163.6728515625
2024-09-30,69.76181030273438,163.72097778320312
2024-10-01,69.61618041992188,165.00149536132812
2024-10-02,68.9366226196289,163.23959350585938
2024-10-03,68.46092224121094,162.25753784179688
2024-10-04,68.12113952636719,161.71839904785156
2024-10-07,66.9950180053711,160.9866943359375
2024-10-08,67.1600570678711,164.07720947265625
2024-10-09,67.53865814208984,166.1182861328125
2024-10-10,67.2280044555664,166.5515594482422
2024-10-11,67.53865814208984,168.30380249023438
2024-10-14,68.28617858886719,169.54580688476562
2024-10-15,68.28617858886719,169.35324096679688
2024-10-16,68.50946807861328,167.98609924316406
2024-10-17,67.8590316772461,168.16903686523438
2024-10-18,68.38326263427734,168.54449462890625
2024-10-21,67.42216491699219,168.49636840820312
2024-10-22,67.42216491699219,167.8801727294922
2024-10-23,66.02420806884766,166.51304626464844
2024-10-24,65.33494567871094,165.75245666503906
2024-10-25,64.9660415649414,165.39620971679688
2024-10-28,64.72333526611328,163.518798828125
2024-10-29,63.645748138427734,161.26588439941406
2024-10-30,63.995235443115234,160.02389526367188
2024-10-31,63.403053283691406,159.89874267578125
2024-11-01,63.111812591552734,159.42697143554688
2024-11-04,63.20888900756836,160.14906311035156
2024-11-05,63.46129608154297,161.60287475585938
2024-11-06,61.84006118774414,158.57972717285156
2024-11-07,61.80122756958008,157.89614868164062
2024-11-08,62.05363845825195,158.96482849121094
2024-11-11,61.509986877441406,158.14646911621094
2024-11-12,61.35465621948242,158.22349548339844
2024-11-13,61.160499572753906,158.60861206054688
2024-11-14,60.723636627197266,159.0033416748047
2024-11-15,59.937294006347656,152.71640014648438
2024-11-18,60.05378723144531,152.4371795654297
2024-11-19,60.76247024536133,150.88710021972656
2024-11-20,61.15079116821289,152.83192443847656
2024-11-21,61.89830780029297,154.37237548828125
2024-11-22,62.05363845825195,155.97059631347656
2024-11-25,62.50020217895508,156.98150634765625
2024-11-26,62.66524124145508,156.1246337890625
2024-11-27,62.54874801635742,156.66380310058594
2024-11-29,62.6807975769043,157.36660766601562
2024-12-02,62.260189056396484,156.98150634765625
2024-12-03,62.13302230834961,155.68174743652344
2024-12-04,60.85162353515625,154.21832275390625
2024-12-05,61.54612350463867,154.51678466796875
2024-12-06,61.16463851928711,153.2108154296875
2024-12-09,61.23310852050781,154.84205627441406
2024-12-10,61.53634262084961,155.20130920410156
2024-12-11,61.272239685058594,152.2204132080078
2024-12-12,62.44603729248047,154.28858947753906
2024-12-13,61.741756439208984,153.38560485839844
2024-12-16,61.1842041015625,151.4921875
2024-12-17,62.01564407348633,151.60870361328125
2024-12-18,61.4776496887207,149.9483184814453
2024-12-19,61.086387634277344,147.07421875
2024-12-20,61.1842041015625,148.3559112548828
2024-12-23,61.01791763305664,146.8994598388672
2024-12-24,61.467872619628906,148.37533569335938
2024-12-26,61.203765869140625,148.01608276367188
2024-12-27,61.086387634277344,148.45301818847656
2024-12-30,60.67555618286133,147.31698608398438
2024-12-31,60.90053176879883,147.64710998535156
